"","Topic 1","Topic 2","Topic 3","Topic 4","Topic 5","Topic 6","Topic 7","Topic 8"
"1","time","sleep","sing","babi","love","fire","heart","ill"
"2","mind","live","call","forev","fall","play","home","your"
"3","rain","ill","hear","miss","ive","burn","friend","hold"
"4","start","dream","write","life","lover","girl","break","eye"
"5","kick","star","peopl","time","shes","watch","leav","lie"
"6","low","chang","sell","mine","darl","bag","told","tonight"
"7","sweet","sit","didnt","darl","mmi","soul","lay","youll"
"8","scar","life","aim","fli","kiss","insid","day","heart"
"9","drown","fade","song","cri","ill","damn","hurt","world"
"10","word","listen","tune","cold","night","night","wait","tight"
"11","song","bring","ive","left","arm","flame","beat","feel"
"12","line","close","day","famili","sing","mountain","babe","breath"
"13","bodi","drink","live","pain","found","die","babi","feet"
"14","truth","youll","music","free","hand","diggiti","road","catch"
"15","wave","move","read","goodby","light","call","cold","lip"
"16","danc","wake","paper","money","time","blood","memori","close"
"17","eye","stay","sofa","oho","learn","sky","late","stay"
"18","voic","suppos","word","top","hair","pocket","broken","pick"
"19","jane","give","lose","hush","lumier","tree","nina","insid"
"20","mari","theyr","night","anymor","head","hope","rememb","stop"
